px,py,yaw,continuous_lane_id
726.0068,495.8775,-1.706095,3.0
724.4726,486.1076,-1.772729,3.0
722.0991,476.565,-1.865898,3.0
718.8482,467.2844,-1.959078,3.0
714.7482,458.3465,-2.052187,3.0
709.8346,449.8287,-2.145341,3.0
704.15,441.8048,-2.238445,3.0
697.7727,434.2133,-2.281786,3.0
691.2469,426.636,-2.281511,3.0
684.7688,418.9745,-2.261705,3.0
678.444,411.1839,-2.241705,3.0
672.2762,403.2683,-2.221762,3.0
666.2468,395.2757,-2.215945,3.0
660.2336,387.2856,-2.215945,3.0
654.2204,379.2954,-2.215945,3.0
648.2073,371.3053,-2.215945,3.0
642.2091,363.2228,-2.173222,3.0
636.8475,354.5683,-2.06726,3.0
632.4316,345.3952,-1.961265,3.0
629.011,335.8063,-1.855258,3.0
626.624,325.9094,-1.749231,3.0
625.2974,315.8154,-1.643247,3.0
625.0463,305.6378,-1.537281,3.0
625.8732,295.4907,-1.431308,3.0
627.769,285.4881,-1.325292,3.0
630.7125,275.7421,-1.219241,3.0
634.6705,266.3623,-1.11329,3.0
639.2831,257.434,-1.090034,3.0
643.9073,248.5674,-1.090088,3.0
648.5316,239.7008,-1.090088,3.0
653.1851,230.8252,-1.075992,3.0
658.1024,222.0477,-1.040787,3.0
663.3253,213.4486,-1.005666,3.0
668.8472,205.0383,-0.9705036,3.0
674.6614,196.8274,-0.9353183,3.0
680.7606,188.8259,-0.900135,3.0
687.1373,181.0437,-0.8650234,3.0
693.7836,173.4906,-0.8298548,3.0
700.6913,166.1757,-0.794699,3.0
707.852,159.1082,-0.7595216,3.0
715.2566,152.2968,-0.7243767,3.0
722.8961,145.7499,-0.689221,3.0
730.761,139.4756,-0.6540359,3.0
738.8416,133.4816,-0.6189014,3.0
747.1279,127.7754,-0.5837303,3.0
755.6097,122.364,-0.5485646,3.0
764.2765,117.2541,-0.5133935,3.0
773.1176,112.452,-0.4782376,3.0
782.097,107.9566,-0.4558547,3.0
791.0759,103.5543,-0.4558477,3.0
800.0548,99.15208,-0.4558477,3.0
809.0336,94.74982,-0.4558547,3.0
818.0125,90.34757,-0.4558477,3.0
722.5389,496.3497,-1.706159,3.0
721.0405,486.7934,-1.772914,4.0
718.7455,477.567,-1.866024,4.0
715.6024,468.5941,-1.959214,4.0
711.6383,459.9524,-2.052323,4.0
706.8876,451.7168,-2.145493,4.0
701.3914,443.9589,-2.238617,4.0
695.1207,436.4973,-2.281786,4.0
688.5949,428.92,-2.281477,4.0
682.0737,421.2076,-2.261733,4.0
675.7048,413.3626,-2.241705,4.0
669.494,405.3918,-2.221762,4.0
663.4502,397.3803,-2.215945,4.0
657.437,389.3902,-2.215945,4.0
651.4239,381.4001,-2.215945,4.0
645.4107,373.4099,-2.215945,4.0
639.3356,365.2211,-2.173392,4.0
633.7787,356.2514,-2.067396,4.0
629.202,346.7441,-1.961458,4.0
625.6568,336.806,-1.855451,4.0
623.1829,326.5486,-1.749421,4.0
621.808,316.087,-1.643432,4.0
621.5477,305.5387,-1.537465,4.0
622.4047,295.022,-1.431429,4.0
624.3696,284.6551,-1.325485,4.0
627.4203,274.5542,-1.219501,4.0
631.5224,264.8327,-1.113427,4.0
636.1798,255.8155,-1.090088,4.0
640.804,246.9489,-1.090088,4.0
645.4282,238.0823,-1.090041,4.0
650.102,229.1685,-1.075999,4.0
655.0795,220.2837,-1.040839,4.0
660.3663,211.5793,-1.005674,4.0
665.9557,203.0662,-0.9705122,4.0
671.841,194.7549,-0.9353765,4.0
678.0148,186.6555,-0.9001924,4.0
684.4695,178.7782,-0.8650332,4.0
691.1971,171.1326,-0.8298548,4.0
698.1893,163.7283,-0.7947096,4.0
705.4375,156.5744,-0.7595437,4.0
712.9327,149.6796,-0.7243879,4.0
720.6656,143.0526,-0.6892326,4.0
728.6267,136.7016,-0.6540481,4.0
736.8062,130.6343,-0.6189014,4.0
745.1938,124.8583,-0.5837431,4.0
753.7794,119.3807,-0.5485776,4.0
762.5522,114.2083,-0.5134434,4.0
771.5013,109.3475,-0.4782578,4.0
780.5563,104.814,-0.4558477,4.0
789.5351,100.4117,-0.4558477,4.0
798.514,96.00948,-0.4558477,4.0
807.4929,91.60722,-0.4558477,4.0
816.4717,87.20497,-0.4558547,4.0
719.0709,496.8219,-1.706159,4.0
717.6083,487.4792,-1.77304,5.0
715.3921,478.569,-1.866275,5.0
712.3567,469.9037,-1.959406,5.0
708.5284,461.5582,-2.052528,5.0
703.9406,453.605,-2.145645,5.0
698.6328,446.113,-2.238837,5.0
692.4686,438.7813,-2.281786,5.0
685.9429,431.204,-2.281549,5.0
679.3787,423.4407,-2.261733,5.0
672.9656,415.5414,-2.241725,5.0
666.7118,407.5153,-2.221762,5.0
660.6537,399.4849,-2.215945,5.0
654.6405,391.4948,-2.215945,5.0
648.6273,383.5046,-2.215945,5.0
642.6142,375.5145,-2.215945,5.0
636.4622,367.2194,-2.173594,5.0
630.71,357.9344,-2.067615,5.0
625.9724,348.093,-1.961594,5.0
622.3026,337.8057,-1.855635,5.0
619.7417,327.1878,-1.749602,5.0
618.3185,316.3586,-1.643615,5.0
618.0491,305.4396,-1.537648,5.0
618.9363,294.5533,-1.431674,5.0
620.9702,283.8221,-1.32567,5.0
624.1281,273.3662,-1.219627,5.0
628.3744,263.3031,-1.113686,5.0
633.0765,254.197,-1.090034,5.0
637.7007,245.3304,-1.090034,5.0
642.325,236.4638,-1.090095,5.0
647.0189,227.5118,-1.076007,5.0
652.0566,218.5196,-1.040847,5.0
657.4072,209.7101,-1.005726,5.0
663.0642,201.0941,-0.9705626,5.0
669.0206,192.6823,-0.9353765,5.0
675.269,184.4851,-0.9002018,5.0
681.8016,176.5126,-0.8650332,5.0
688.6106,168.7747,-0.8299102,5.0
695.6873,161.2809,-0.7947204,5.0
703.0231,154.0405,-0.7595858,5.0
710.6088,147.0625,-0.7244109,5.0
718.4352,140.3554,-0.6892447,5.0
726.4925,133.9276,-0.6540971,5.0
734.7708,127.787,-0.61892,5.0
743.2598,121.9412,-0.5837558,5.0
751.949,116.3975,-0.5485972,5.0
760.8278,111.1626,-0.5134568,5.0
769.8851,106.243,-0.4782995,5.0
779.0154,101.6714,-0.4558477,5.0
787.9943,97.26913,-0.4558477,5.0
796.9732,92.86687,-0.4558477,5.0
805.9521,88.46461,-0.4558547,5.0
814.931,84.06236,-0.4558477,5.0
-575.2028,802.1782,-0.005432076,5.0
-565.2029,802.1241,-0.005371043,3.0
-555.203,802.07,-0.005432076,3.0
-545.2032,802.0159,-0.005432076,3.0
-535.2033,801.9617,-0.005371043,3.0
-525.2035,801.9077,-0.005432076,3.0
-515.2036,801.8535,-0.005371043,3.0
-505.2038,801.7994,-0.005432076,3.0
-495.2039,801.7453,-0.005432076,3.0
-485.204,801.6912,-0.005432076,3.0
-475.2042,801.6371,-0.005432076,3.0
-465.2043,801.5829,-0.005371043,3.0
-455.2045,801.5289,-0.005432076,3.0
-445.2046,801.4747,-0.005432076,3.0
-435.2048,801.4207,-0.005432076,3.0
-425.2049,801.3665,-0.005432076,3.0
-415.2051,801.3124,-0.005371043,3.0
-405.2052,801.2583,-0.005432076,3.0
-395.2054,801.2042,-0.005371043,3.0
-385.2055,801.1501,-0.005432076,3.0
-375.2057,801.0959,-0.005432076,3.0
-365.2058,801.0418,-0.005371043,3.0
-355.206,800.9877,-0.005432076,3.0
-345.2061,800.9336,-0.005371043,3.0
-335.2062,800.8795,-0.005432076,3.0
-325.2064,800.8254,-0.005432076,3.0
-315.2065,800.7712,-0.005371043,3.0
-305.2067,800.7172,-0.005432076,3.0
-295.2068,800.663,-0.005371043,3.0
-285.207,800.6089,-0.005432076,3.0
-275.2071,800.5548,-0.005432076,3.0
-265.2073,800.5007,-0.005432076,3.0
-255.2074,800.4466,-0.005432159,3.0
-245.2076,800.3925,-0.005371126,3.0
-235.2077,800.3384,-0.005432159,3.0
-225.2079,800.2842,-0.005371126,3.0
-215.208,800.2302,-0.005432159,3.0
-205.2081,800.176,-0.005432159,3.0
-195.2083,800.1219,-0.005371126,3.0
-185.2084,800.0678,-0.005432159,3.0
-175.2086,800.0137,-0.005371126,3.0
-165.2087,799.9596,-0.005432159,3.0
-155.2089,799.9055,-0.005432159,3.0
-145.209,799.8513,-0.005371126,3.0
-135.2092,799.7972,-0.005432159,3.0
-125.2093,799.7431,-0.005371126,3.0
-115.2095,799.689,-0.005432159,3.0
-105.2096,799.6349,-0.005432159,3.0
-95.20976,799.5807,-0.005371126,3.0
-85.20991,799.5267,-0.005432159,3.0
-75.21005,799.4725,-0.005371126,3.0
-65.2102,799.4185,-0.005432159,3.0
-55.21035,799.3643,-0.005432159,3.0
-45.21049,799.3102,-0.005432159,3.0
-35.21064,799.2561,-0.005432159,3.0
-25.21078,799.202,-0.005371126,3.0
-15.21093,799.1479,-0.005432153,3.0
-5.211077,799.0938,-0.005371123,3.0
4.788776,799.0397,-0.005432156,3.0
14.78863,798.9855,-0.005432153,3.0
24.78848,798.9314,-0.005371126,3.0
34.78834,798.8773,-0.005432159,3.0
44.78819,798.8232,-0.005371126,3.0
54.78804,798.7691,-0.005432159,3.0
64.7879,798.715,-0.005432159,3.0
74.78775,798.6608,-0.005371126,3.0
84.78761,798.6068,-0.005432159,3.0
94.78746,798.5526,-0.005371126,3.0
104.7873,798.4985,-0.005432159,3.0
114.7872,798.4444,-0.005432159,3.0
124.787,798.3903,-0.005432159,3.0
134.7869,798.3362,-0.005432159,3.0
144.7867,798.282,-0.005371126,3.0
154.7866,798.228,-0.005432159,3.0
164.7864,798.1738,-0.005432159,3.0
174.7863,798.1198,-0.005432159,3.0
184.7861,798.0656,-0.005432159,3.0
194.786,798.0115,-0.005371126,3.0
204.7858,797.9574,-0.005432159,3.0
214.7857,797.9033,-0.005371126,3.0
224.7856,797.8492,-0.005432159,3.0
234.7854,797.795,-0.005432159,3.0
244.779,797.7335,-0.008972339,3.0
254.7786,797.6437,-0.009033372,3.0
264.7782,797.5539,-0.008972201,3.0
274.7778,797.4641,-0.008972201,3.0
284.7773,797.3743,-0.008972201,3.0
294.7769,797.2845,-0.008972201,3.0
304.7766,797.1948,-0.008972201,3.0
314.7762,797.105,-0.008972201,3.0
324.7758,797.0152,-0.008972201,3.0
334.7753,796.9254,-0.008972201,3.0
344.7749,796.8356,-0.008972201,3.0
-575.2217,798.6783,-0.005432076,3.0
-565.2218,798.6241,-0.005432076,4.0
-555.222,798.57,-0.005371043,4.0
-545.2221,798.5159,-0.005432076,4.0
-535.2222,798.4618,-0.005371043,4.0
-525.2224,798.4077,-0.005432076,4.0
-515.2225,798.3536,-0.005432076,4.0
-505.2227,798.2995,-0.005432076,4.0
-495.2228,798.2454,-0.005432076,4.0
-485.223,798.1912,-0.005371043,4.0
-475.2231,798.1371,-0.005432076,4.0
-465.2233,798.083,-0.005371043,4.0
-455.2234,798.0289,-0.005432076,4.0
-445.2236,797.9748,-0.005432076,4.0
-435.2237,797.9207,-0.005371043,4.0
-425.2239,797.8666,-0.005432076,4.0
-415.224,797.8124,-0.005371043,4.0
-405.2242,797.7584,-0.005432076,4.0
-395.2243,797.7042,-0.005432076,4.0
-385.2245,797.6501,-0.005371043,4.0
-375.2246,797.596,-0.005432076,4.0
-365.2247,797.5419,-0.005371043,4.0
-355.2249,797.4878,-0.005432076,4.0
-345.225,797.4337,-0.005432076,4.0
-335.2252,797.3796,-0.005432076,4.0
-325.2253,797.3254,-0.005432076,4.0
-315.2255,797.2713,-0.005371043,4.0
-305.2256,797.2172,-0.005432076,4.0
-295.2258,797.1631,-0.005432076,4.0
-285.2259,797.109,-0.005432076,4.0
-275.2261,797.0549,-0.005432076,4.0
-265.2262,797.0007,-0.005371043,4.0
-255.2263,796.9467,-0.005432159,4.0
-245.2265,796.8925,-0.005371126,4.0
-235.2267,796.8384,-0.005432159,4.0
-225.2268,796.7843,-0.005432159,4.0
-215.2269,796.7302,-0.005371126,4.0
-205.2271,796.6761,-0.005432159,4.0
-195.2272,796.6219,-0.005371126,4.0
-185.2274,796.5679,-0.005432159,4.0
-175.2275,796.5137,-0.005432159,4.0
-165.2277,796.4596,-0.005371126,4.0
-155.2278,796.4055,-0.005432159,4.0
-145.228,796.3514,-0.005371126,4.0
-135.2281,796.2973,-0.005432159,4.0
-125.2283,796.2432,-0.005432159,4.0
-115.2284,796.1891,-0.005432159,4.0
-105.2286,796.1349,-0.005432159,4.0
-95.2287,796.0808,-0.005371126,4.0
-85.22884,796.0267,-0.005432159,4.0
-75.22899,795.9726,-0.005432159,4.0
-65.22914,795.9185,-0.005432159,4.0
-55.22929,795.8644,-0.005432159,4.0
-45.22943,795.8102,-0.005371126,4.0
-35.22958,795.7562,-0.005432159,4.0
-25.22972,795.702,-0.005371126,4.0
-15.22987,795.6479,-0.005432153,4.0
-5.230017,795.5938,-0.005432156,4.0
4.769837,795.5397,-0.00537112,4.0
14.76969,795.4856,-0.005432153,4.0
24.76954,795.4315,-0.005371126,4.0
34.7694,795.3774,-0.005432159,4.0
44.76925,795.3232,-0.005432159,4.0
54.7691,795.2691,-0.005371126,4.0
64.76896,795.215,-0.005432159,4.0
74.76881,795.1609,-0.005371126,4.0
84.76867,795.1068,-0.005432159,4.0
94.76852,795.0527,-0.005432159,4.0
104.7684,794.9986,-0.005432159,4.0
114.7682,794.9445,-0.005432159,4.0
124.7681,794.8903,-0.005371126,4.0
134.7679,794.8362,-0.005432159,4.0
144.7678,794.7821,-0.005371126,4.0
154.7676,794.728,-0.005432159,4.0
164.7675,794.6739,-0.005432159,4.0
174.7673,794.6198,-0.005371126,4.0
184.7672,794.5657,-0.005432159,4.0
194.7671,794.5115,-0.005371126,4.0
204.7669,794.4575,-0.005432159,4.0
214.7668,794.4033,-0.005432159,4.0
224.7666,794.3492,-0.005371126,4.0
234.7665,794.2951,-0.005432159,4.0
244.7475,794.2336,-0.008972201,4.0
254.7471,794.1439,-0.008972339,4.0
264.7467,794.0541,-0.008972201,4.0
274.7463,793.9643,-0.008972201,4.0
284.7459,793.8745,-0.008972201,4.0
294.7455,793.7847,-0.008972201,4.0
304.7451,793.6949,-0.008972201,4.0
314.7447,793.6052,-0.008972201,4.0
324.7443,793.5154,-0.008972201,4.0
334.7439,793.4256,-0.009033234,4.0
344.7435,793.3358,-0.009033234,4.0
-575.2406,795.1783,-0.005432076,4.0
-565.2408,795.1242,-0.005432076,5.0
-555.2409,795.0701,-0.005371043,5.0
-545.241,795.016,-0.005432076,5.0
-535.2412,794.9619,-0.005432076,5.0
-525.2413,794.9078,-0.005432076,5.0
-515.2415,794.8536,-0.005432076,5.0
-505.2416,794.7995,-0.005371043,5.0
-495.2418,794.7454,-0.005432076,5.0
-485.2419,794.6913,-0.005371043,5.0
-475.2421,794.6372,-0.005432076,5.0
-465.2422,794.5831,-0.005432076,5.0
-455.2424,794.5289,-0.005371043,5.0
-445.2425,794.4749,-0.005432076,5.0
-435.2426,794.4207,-0.005371043,5.0
-425.2428,794.3666,-0.005432076,5.0
-415.243,794.3125,-0.005432076,5.0
-405.2431,794.2584,-0.005371043,5.0
-395.2433,794.2043,-0.005432076,5.0
-385.2434,794.1501,-0.005371043,5.0
-375.2435,794.0961,-0.005432076,5.0
-365.2437,794.0419,-0.005432076,5.0
-355.2438,793.9879,-0.005432076,5.0
-345.244,793.9337,-0.005432076,5.0
-335.2441,793.8796,-0.005371043,5.0
-325.2443,793.8255,-0.005432076,5.0
-315.2444,793.7714,-0.005371043,5.0
-305.2446,793.7173,-0.005432076,5.0
-295.2447,793.6631,-0.005432076,5.0
-285.2448,793.609,-0.005371043,5.0
-275.245,793.5549,-0.005432076,5.0
-265.2451,793.5008,-0.005371043,5.0
-255.2453,793.4467,-0.005432159,5.0
-245.2454,793.3926,-0.005432159,5.0
-235.2456,793.3384,-0.005371126,5.0
-225.2457,793.2844,-0.005432159,5.0
-215.2459,793.2302,-0.005371126,5.0
-205.246,793.1761,-0.005432159,5.0
-195.2462,793.122,-0.005432159,5.0
-185.2463,793.0679,-0.005371126,5.0
-175.2465,793.0138,-0.005432159,5.0
-165.2466,792.9597,-0.005371126,5.0
-155.2468,792.9056,-0.005432159,5.0
-145.2469,792.8514,-0.005432159,5.0
-135.2471,792.7974,-0.005432159,5.0
-125.2472,792.7432,-0.005432159,5.0
-115.2473,792.6891,-0.005371126,5.0
-105.2475,792.635,-0.005432159,5.0
-95.24763,792.5809,-0.005371126,5.0
-85.24779,792.5268,-0.005432159,5.0
-75.24793,792.4727,-0.005432159,5.0
-65.24808,792.4185,-0.005371126,5.0
-55.24822,792.3644,-0.005432159,5.0
-45.24837,792.3103,-0.005371126,5.0
-35.24852,792.2562,-0.005432159,5.0
-25.24866,792.2021,-0.005432159,5.0
-15.24881,792.1479,-0.00537112,5.0
-5.248956,792.0939,-0.005432156,5.0
4.750897,792.0397,-0.005371123,5.0
14.75075,791.9857,-0.005432153,5.0
24.7506,791.9315,-0.005432159,5.0
34.75046,791.8774,-0.005371126,5.0
44.75031,791.8233,-0.005432159,5.0
54.75016,791.7692,-0.005371126,5.0
64.75002,791.7151,-0.005432159,5.0
74.74987,791.6609,-0.005432159,5.0
84.74973,791.6069,-0.005432159,5.0
94.74958,791.5527,-0.005432159,5.0
104.7494,791.4986,-0.005371126,5.0
114.7493,791.4445,-0.005432159,5.0
124.7491,791.3904,-0.005371126,5.0
134.749,791.3363,-0.005432159,5.0
144.7488,791.2822,-0.005432159,5.0
154.7487,791.228,-0.005371126,5.0
164.7486,791.174,-0.005432159,5.0
174.7484,791.1198,-0.005371126,5.0
184.7483,791.0657,-0.005432159,5.0
194.7481,791.0116,-0.005432159,5.0
204.748,790.9575,-0.005371126,5.0
214.7478,790.9034,-0.005432159,5.0
224.7477,790.8492,-0.005371126,5.0
234.7475,790.7952,-0.005432159,5.0
244.7161,790.7338,-0.008972339,5.0
254.7157,790.644,-0.008972339,5.0
264.7153,790.5542,-0.008972201,5.0
274.7149,790.4644,-0.008972201,5.0
284.7145,790.3746,-0.008972201,5.0
294.7141,790.2849,-0.008972201,5.0
304.7137,790.1951,-0.008972201,5.0
314.7133,790.1053,-0.008972201,5.0
324.7129,790.0155,-0.008972201,5.0
334.7125,789.9257,-0.008972201,5.0
344.7121,789.8359,-0.008972201,5.0
277.3962,-21.11243,-4.08496,5.0
271.3282,-13.07183,-4.042669,3.0
264.9256,-5.29509,-4.000344,3.0
258.1998,2.203858,-3.958035,3.0
251.1628,9.411597,-3.915722,3.0
243.8271,16.31522,-3.8734,3.0
236.2061,22.90238,-3.831095,3.0
228.3132,29.16128,-3.788785,3.0
220.1729,35.07814,-3.754202,3.0
211.9913,40.82812,-3.75419,3.0
203.6115,46.45129,-3.697675,3.0
194.8672,51.53264,-3.631826,3.0
185.8076,56.02752,-3.565965,3.0
176.4718,59.91646,-3.500108,3.0
166.9003,63.18259,-3.434256,3.0
157.1346,65.81174,-3.368396,3.0
147.217,67.79253,-3.302542,3.0
137.1906,69.11636,-3.236684,3.0
127.0988,69.77749,-3.170825,3.0
116.9854,69.77306,-3.104971,3.0
106.8942,69.10308,-3.039118,3.0
96.87394,67.79195,-2.978092,3.0
86.95273,65.87502,-2.917368,3.0
77.16612,63.35957,-2.856648,3.0
67.55019,60.25488,-2.795925,3.0
58.1404,56.57238,-2.735204,3.0
48.9714,52.32565,-2.674484,3.0
40.07701,47.53034,-2.613763,3.0
31.49001,42.20412,-2.553041,3.0
23.24205,36.36664,-2.492319,3.0
15.36352,30.0394,-2.4316,3.0
7.883474,23.24573,-2.370883,3.0
0.7197325,16.25398,-2.368063,3.0
-6.434755,9.267325,-2.367886,3.0
-13.48059,2.043986,-2.312723,3.0
-20.11125,-5.572101,-2.255925,3.0
-26.29886,-13.55231,-2.199128,3.0
-32.02349,-21.87091,-2.142328,3.0
-37.26665,-30.50107,-2.08553,3.0
-42.01145,-39.41495,-2.028732,3.0
-46.24258,-48.58381,-1.971937,3.0
-49.94639,-57.97807,-1.915135,3.0
-53.11094,-67.56744,-1.85834,3.0
-55.72602,-77.32099,-1.801538,3.0
-57.78319,-87.20727,-1.744741,3.0
-59.27583,-97.19438,-1.687947,3.0
-60.19912,-107.2501,-1.631147,3.0
-60.55008,-117.3421,-1.574348,3.0
-60.38189,-127.3967,-1.54483,3.0
-60.12224,-137.3933,-1.544831,3.0
-59.86259,-147.3899,-1.544831,3.0
-59.60295,-157.3866,-1.544831,3.0
-59.3433,-167.3832,-1.544831,3.0
-59.08365,-177.3798,-1.544827,3.0
-58.82401,-187.3764,-1.544827,3.0
-58.56436,-197.3731,-1.544827,3.0
-58.30471,-207.3697,-1.544827,3.0
-58.04506,-217.3663,-1.544827,3.0
-57.78542,-227.3629,-1.544827,3.0
-57.52577,-237.3596,-1.544827,3.0
-57.26612,-247.3562,-1.544827,3.0
-57.00647,-257.3528,-1.544827,3.0
-56.74683,-267.3495,-1.544827,3.0
-56.48718,-277.3461,-1.544827,3.0
280.2339,-19.06367,-4.084996,3.0
274.0768,-10.90487,-4.042682,4.0
267.58,-3.013813,-4.000381,4.0
260.7553,4.595372,-3.958049,4.0
253.6148,11.90907,-3.915748,4.0
246.1714,18.91418,-3.873438,4.0
238.4383,25.59817,-3.831124,4.0
230.4294,31.94908,-3.788815,4.0
222.1853,37.94168,-3.754199,4.0
214.0038,43.69166,-3.75419,4.0
205.4686,49.4179,-3.697751,4.0
196.5252,54.61504,-3.631898,4.0
187.2591,59.21236,-3.566037,4.0
177.7105,63.18991,-3.500186,4.0
167.9209,66.53046,-3.43433,4.0
157.9327,69.21953,-3.36847,4.0
147.7892,71.24545,-3.302612,4.0
137.5343,72.59944,-3.236761,4.0
127.2125,73.27564,-3.170901,4.0
116.8686,73.27111,-3.10504,4.0
106.5475,72.58586,-3.03918,4.0
96.31459,71.24696,-2.978146,4.0
86.18475,69.28972,-2.917429,4.0
76.19234,66.72137,-2.856711,4.0
66.3742,63.5514,-2.795986,4.0
56.76653,59.79146,-2.735267,4.0
47.40472,55.45543,-2.674543,4.0
38.32329,50.55928,-2.613824,4.0
29.55572,45.12106,-2.553104,4.0
21.13431,39.16082,-2.492382,4.0
13.09011,32.70053,-2.43166,4.0
5.452764,25.76399,-2.370943,4.0
-1.725596,18.75805,-2.368062,4.0
-8.880083,11.7714,-2.367884,4.0
-16.05402,4.416214,-2.312778,4.0
-22.81519,-3.349785,-2.255978,4.0
-29.1246,-11.48708,-2.199182,4.0
-34.96191,-19.96942,-2.142383,4.0
-40.30828,-28.76945,-2.085583,4.0
-45.14647,-37.85879,-2.028787,4.0
-49.46088,-47.20812,-1.971988,4.0
-53.2376,-56.7873,-1.915188,4.0
-56.46444,-66.56542,-1.85839,4.0
-59.13099,-76.51096,-1.801593,4.0
-61.22866,-86.59184,-1.744795,4.0
-62.75068,-96.77553,-1.687996,4.0
-63.69215,-107.0292,-1.631197,4.0
-64.05001,-117.3198,-1.574405,4.0
-63.88071,-127.4875,-1.544831,4.0
-63.62106,-137.4842,-1.544831,4.0
-63.36141,-147.4808,-1.544831,4.0
-63.10176,-157.4774,-1.544831,4.0
-62.84212,-167.474,-1.544831,4.0
-62.58247,-177.4707,-1.544831,4.0
-62.32282,-187.4673,-1.544831,4.0
-62.06318,-197.4639,-1.544831,4.0
-61.80353,-207.4606,-1.544831,4.0
-61.54388,-217.4572,-1.544831,4.0
-61.28423,-227.4538,-1.544831,4.0
-61.02459,-237.4505,-1.544831,4.0
-60.76494,-247.4471,-1.544831,4.0
-60.50529,-257.4437,-1.544831,4.0
-60.24564,-267.4403,-1.544831,4.0
-59.986,-277.437,-1.544831,4.0
283.0716,-17.01491,-4.085031,4.0
276.8253,-8.737912,-4.042717,5.0
270.2344,-0.7325361,-4.000393,5.0
263.3108,6.986886,-3.958085,5.0
256.0669,14.40654,-3.915774,5.0
248.5156,21.51313,-3.873464,5.0
240.6705,28.29396,-3.83115,5.0
232.5455,34.73687,-3.788844,5.0
224.1978,40.80522,-3.754193,5.0
216.0163,46.5552,-3.754193,5.0
207.3259,52.38452,-3.697816,5.0
198.1831,57.69744,-3.631963,5.0
188.7106,62.39719,-3.566109,5.0
178.9493,66.46336,-3.500252,5.0
168.9416,69.87833,-3.434392,5.0
158.7308,72.62731,-3.368544,5.0
148.3613,74.69837,-3.302682,5.0
137.8779,76.08253,-3.236822,5.0
127.3262,76.7738,-3.170963,5.0
116.7519,76.76916,-3.105116,5.0
106.2008,76.06865,-3.039249,5.0
95.75524,74.70197,-2.978207,5.0
85.41676,72.70442,-2.917492,5.0
75.21856,70.08318,-2.856766,5.0
65.19821,66.84792,-2.796042,5.0
55.39265,63.01054,-2.735323,5.0
45.83804,58.5852,-2.674605,5.0
36.56957,53.58821,-2.613882,5.0
27.62142,48.03799,-2.553164,5.0
19.02657,41.955,-2.492444,5.0
10.81669,35.36165,-2.43172,5.0
3.022054,28.28225,-2.371,5.0
-4.170924,21.26212,-2.368062,5.0
-11.32541,14.27547,-2.367882,5.0
-18.62745,6.788443,-2.312829,5.0
-25.51913,-1.127469,-2.256032,5.0
-31.95034,-9.421841,-2.199232,5.0
-37.90033,-18.06792,-2.142436,5.0
-43.3499,-27.03782,-2.085638,5.0
-48.28149,-36.30262,-2.02884,5.0
-52.67919,-45.83244,-1.972041,5.0
-56.52881,-55.59652,-1.915244,5.0
-59.81794,-65.5634,-1.858445,5.0
-62.53596,-75.70093,-1.801643,5.0
-64.67413,-85.97639,-1.744847,5.0
-66.22552,-96.35667,-1.688054,5.0
-67.18517,-106.8083,-1.631251,5.0
-67.54994,-117.2975,-1.574458,5.0
-67.37952,-127.5784,-1.544831,5.0
-67.11988,-137.575,-1.544831,5.0
-66.86023,-147.5717,-1.544831,5.0
-66.60059,-157.5683,-1.544831,5.0
-66.34093,-167.5649,-1.544831,5.0
-66.08129,-177.5616,-1.544831,5.0
-65.82164,-187.5582,-1.544831,5.0
-65.562,-197.5548,-1.544831,5.0
-65.30235,-207.5514,-1.544831,5.0
-65.0427,-217.5481,-1.544831,5.0
-64.78305,-227.5447,-1.544831,5.0
-64.52341,-237.5413,-1.544831,5.0
-64.26376,-247.5379,-1.544823,5.0
-64.00411,-257.5346,-1.544831,5.0
-63.74446,-267.5312,-1.544827,5.0
-63.48482,-277.5278,-1.544831,5.0
-652.2376,505.0182,-3.85626,5.0
-660.0398,511.4341,-3.797521,3.0
-668.2053,517.3807,-3.738787,3.0
-676.7059,522.8376,-3.679992,3.0
-685.5123,527.7859,-3.621209,3.0
-694.5941,532.2084,-3.562482,3.0
-703.9199,536.09,-3.503771,3.0
-713.4576,539.4172,-3.444987,3.0
-723.1085,542.2314,-3.417352,3.0
-732.7306,544.9545,-3.417411,3.0
-742.3527,547.6776,-3.417411,3.0
-751.9748,550.4008,-3.417352,3.0
-761.5969,553.1238,-3.417411,3.0
-770.9401,556.1711,-3.519152,3.0
-779.842,560.2492,-3.635079,3.0
-788.2126,565.3295,-3.750944,3.0
-795.9396,571.3439,-3.866877,3.0
-802.919,578.2115,-3.982781,3.0
-809.0574,585.8401,-4.098703,3.0
-814.2723,594.1276,-4.214616,3.0
-818.4937,602.9626,-4.330556,3.0
-821.665,612.2264,-4.446388,3.0
-823.7437,621.7949,-4.562352,3.0
-824.7017,631.5396,-4.678263,3.0
-824.5263,641.3297,-4.794207,3.0
-823.2198,651.0339,-4.910084,3.0
-820.7998,660.5217,-5.02587,3.0
-817.6777,670.0016,-5.031051,3.0
-814.5448,679.4982,-5.031051,3.0
-649.9362,507.6551,-3.856346,3.0
-657.8972,514.2016,-3.797582,4.0
-666.2288,520.2693,-3.738838,4.0
-674.9025,525.8373,-3.679992,4.0
-683.8882,530.8862,-3.621318,4.0
-693.1548,535.3988,-3.562537,4.0
-702.6705,539.3594,-3.503771,4.0
-712.4023,542.7543,-3.444987,4.0
-722.1554,545.5992,-3.417352,4.0
-731.7775,548.3223,-3.417411,4.0
-741.3996,551.0453,-3.417411,4.0
-751.0217,553.7685,-3.417352,4.0
-760.6438,556.4916,-3.417352,4.0
-769.6691,559.4322,-3.519345,4.0
-778.2025,563.3414,-3.635298,4.0
-786.2264,568.2114,-3.751214,4.0
-793.6334,573.9766,-3.867095,4.0
-800.3239,580.5599,-3.98304,4.0
-806.208,587.8727,-4.098958,4.0
-811.207,595.817,-4.214889,4.0
-815.2536,604.2861,-4.330805,4.0
-818.2936,613.1663,-4.446699,4.0
-820.2861,622.3386,-4.562663,4.0
-821.2045,631.6797,-4.678506,4.0
-821.0364,641.0645,-4.794451,4.0
-819.784,650.3667,-4.910336,4.0
-817.4642,659.4617,-5.025826,4.0
-814.3539,668.9052,-5.031051,4.0
-811.221,678.4017,-5.031051,4.0
-647.6346,510.292,-3.856369,4.0
-655.7545,516.9691,-3.797582,5.0
-664.2524,523.1578,-3.738872,5.0
-673.0991,528.8369,-3.680128,5.0
-682.264,533.9866,-3.621346,5.0
-691.7156,538.5892,-3.562618,5.0
-701.4211,542.6288,-3.503828,5.0
-711.3471,546.0914,-3.445122,5.0
-721.2023,548.9669,-3.417352,5.0
-730.8244,551.69,-3.417352,5.0
-740.4465,554.4131,-3.417411,5.0
-750.0686,557.1362,-3.417352,5.0
-759.6907,559.8593,-3.417352,5.0
-768.3981,562.6932,-3.519674,5.0
-776.5629,566.4337,-3.635571,5.0
-784.2402,571.0932,-3.751468,5.0
-791.3272,576.6094,-3.867399,5.0
-797.7286,582.9083,-3.983299,5.0
-803.3586,589.9052,-4.099263,5.0
-808.1417,597.5063,-4.215161,5.0
-812.0134,605.6095,-4.331021,5.0
-814.9221,614.1062,-4.44695,5.0
-816.8286,622.8822,-4.562905,5.0
-817.7073,631.8199,-4.678753,5.0
-817.5464,640.7991,-4.794699,5.0
-816.3481,649.6996,-4.910586,5.0
-814.1286,658.4017,-5.025854,5.0
-811.0302,667.8087,-5.031051,5.0
-807.8972,677.3052,-5.031051,5.0
838.7985,80.15644,-0.4558477,5.0
847.7773,75.75419,-0.4558477,3.0
856.6085,71.26017,-0.5115283,3.0
864.9956,66.10743,-0.5992224,3.0
872.8993,60.24017,-0.6868551,3.0
880.259,53.70346,-0.7745487,3.0
887.0181,46.5475,-0.8622048,3.0
893.1247,38.82725,-0.9498644,3.0
898.5319,30.60199,-1.037516,3.0
903.2189,21.93359,-1.118659,3.0
907.2153,12.91797,-1.196319,3.0
910.5004,3.619561,-1.273973,3.0
913.0544,-5.905632,-1.351576,3.0
914.8619,-15.60022,-1.42921,3.0
915.9122,-25.4058,-1.506849,3.0
916.1987,-35.26329,-1.58453,3.0
915.8389,-45.19725,-1.614267,3.0
915.4045,-55.18781,-1.614267,3.0
914.97,-65.17837,-1.614267,3.0
914.5356,-75.16892,-1.614267,3.0
914.0911,-85.14243,-1.625817,3.0
913.3604,-95.04218,-1.66726,3.0
912.2198,-104.9031,-1.708807,3.0
910.6711,-114.7082,-1.750286,3.0
908.717,-124.4407,-1.791767,3.0
906.3609,-134.0837,-1.833262,3.0
903.6068,-143.6207,-1.874712,3.0
900.4596,-153.0352,-1.916246,3.0
896.9245,-162.3111,-1.957757,3.0
893.0078,-171.4324,-1.999252,3.0
888.716,-180.3834,-2.040722,3.0
884.0566,-189.1486,-2.08219,3.0
879.0378,-197.7131,-2.123691,3.0
873.6689,-206.0847,-2.152569,3.0
868.1736,-214.4395,-2.152569,3.0
862.6784,-222.7942,-2.152569,3.0
857.1832,-231.149,-2.15262,3.0
851.7236,-239.6085,-2.108696,3.0
846.8807,-248.5341,-2.018263,3.0
842.8639,-257.8607,-1.927817,3.0
839.706,-267.5121,-1.837308,3.0
837.4329,-277.4092,-1.746877,3.0
837.2576,77.01383,-0.4558547,3.0
846.2365,72.61158,-0.4558477,4.0
854.9088,68.20059,-0.5116714,4.0
863.0345,63.20842,-0.5993544,4.0
870.692,57.52399,-0.6870151,4.0
877.8223,51.19097,-0.7746623,4.0
884.3707,44.25799,-0.8623133,4.0
890.2871,36.77831,-0.9500126,4.0
895.5259,28.80935,-1.037658,4.0
900.0766,20.39213,-1.11879,4.0
903.9629,11.62487,-1.19639,4.0
907.1575,2.5826,-1.274041,4.0
909.6412,-6.680201,-1.3517,4.0
911.3989,-16.10773,-1.429333,4.0
912.4202,-25.64319,-1.506971,4.0
912.6989,-35.22914,-1.584591,4.0
912.3422,-45.04519,-1.614267,4.0
911.9078,-55.03575,-1.614267,4.0
911.4733,-65.02631,-1.614267,4.0
911.0389,-75.01686,-1.614267,4.0
910.596,-84.95727,-1.625817,4.0
909.876,-94.7122,-1.667321,4.0
908.752,-104.4289,-1.708808,4.0
907.226,-114.0906,-1.750347,4.0
905.3005,-123.6807,-1.791769,4.0
902.9789,-133.1826,-1.833321,4.0
900.2651,-142.5801,-1.87477,4.0
897.1639,-151.8569,-1.916313,4.0
893.6805,-160.9971,-1.957763,4.0
889.821,-169.985,-1.999252,4.0
885.5921,-178.805,-2.040783,4.0
881.0009,-187.4421,-2.082243,4.0
876.0554,-195.8812,-2.123699,4.0
870.7447,-204.1613,-2.152569,4.0
865.2495,-212.5161,-2.152569,4.0
859.7543,-220.8709,-2.15262,4.0
854.259,-229.2257,-2.152569,4.0
848.7259,-237.8019,-2.10884,4.0
843.7321,-247.0057,-2.018393,4.0
839.59,-256.623,-1.927895,4.0
836.3337,-266.5752,-1.837501,4.0
833.9897,-276.7808,-1.747003,4.0
835.7169,73.87123,-0.4558477,4.0
844.6957,69.46898,-0.4558547,5.0
853.2091,65.14102,-0.5118375,5.0
861.0735,60.30941,-0.5994959,5.0
868.4846,54.80781,-0.687187,5.0
875.3856,48.67847,-0.7748269,5.0
881.7234,41.96848,-0.8624705,5.0
887.4495,34.72936,-0.9501651,5.0
892.5198,27.01671,-1.037803,5.0
896.9343,18.85067,-1.118867,5.0
900.7105,10.33176,-1.196519,5.0
903.8146,1.54564,-1.274168,5.0
906.228,-7.45477,-1.351825,5.0
907.9359,-16.61524,-1.429456,5.0
908.9283,-25.88059,-1.507094,5.0
909.199,-35.19499,-1.584713,5.0
908.8455,-44.89313,-1.614206,5.0
908.4111,-54.88369,-1.614267,5.0
907.9766,-64.87424,-1.614267,5.0
907.5422,-74.8648,-1.614267,5.0
907.1009,-84.77211,-1.625878,5.0
906.3916,-94.38223,-1.66732,5.0
905.2843,-103.9547,-1.708869,5.0
903.7809,-113.4729,-1.750348,5.0
901.884,-122.9206,-1.79189,5.0
899.5969,-132.2815,-1.833325,5.0
896.9233,-141.5395,-1.874774,5.0
893.8682,-150.6786,-1.916313,5.0
890.4365,-159.6832,-1.957769,5.0
886.6343,-168.5376,-1.999265,5.0
882.4682,-177.2267,-2.04079,5.0
877.9451,-185.7355,-2.082258,5.0
873.0731,-194.0494,-2.123759,5.0
867.8205,-202.238,-2.152569,5.0
862.3253,-210.5928,-2.15262,5.0
856.8301,-218.9476,-2.152569,5.0
851.3348,-227.3024,-2.152578,5.0
845.7282,-235.9954,-2.108968,5.0
840.5834,-245.4774,-2.018475,5.0
836.3162,-255.3853,-1.928026,5.0
832.9614,-265.6383,-1.837559,5.0
830.5466,-276.1523,-1.747123,5.0
-571.6107,-66.07475,-5.389256,5.0
-565.347,-58.27949,-5.389256,3.0
-559.0833,-50.48423,-5.389303,3.0
-552.8196,-42.68897,-5.388657,3.0
-546.7264,-34.62218,-5.322341,3.0
-541.186,-26.15816,-5.254914,3.0
-536.2286,-17.33999,-5.18746,3.0
-531.8769,-8.20775,-5.120011,3.0
-528.1505,1.197018,-5.052592,3.0
-525.0664,10.83155,-4.985167,3.0
-522.6386,20.65203,-4.917686,3.0
-520.8783,30.6138,-4.850276,3.0
-519.7933,40.67157,-4.782821,3.0
-519.3885,50.77865,-4.716539,3.0
-519.592,60.8698,-4.662564,3.0
-520.3393,70.93529,-4.608626,3.0
-521.6284,80.94583,-4.554632,3.0
-523.4554,90.87228,-4.500668,3.0
-525.8152,100.6858,-4.446764,3.0
-528.7008,110.3577,-4.392827,3.0
-532.1038,119.8599,-4.338833,3.0
-536.0143,129.1648,-4.284875,3.0
-540.4209,138.2452,-4.23093,3.0
-545.3106,147.0744,-4.17988,3.0
-550.3875,155.6898,-4.179888,3.0
-555.4644,164.3052,-4.179888,3.0
-560.5117,172.9123,-4.194417,3.0
-565.2843,181.6247,-4.231824,3.0
-569.7279,190.5094,-4.269243,3.0
-573.8362,199.5541,-4.306628,3.0
-577.6036,208.746,-4.344005,3.0
-581.0247,218.0723,-4.381364,3.0
-584.0948,227.52,-4.418759,3.0
-586.8096,237.0758,-4.456174,3.0
-589.1653,246.7264,-4.493545,3.0
-591.1586,256.4584,-4.530914,3.0
-592.7866,266.2581,-4.568334,3.0
-594.0472,276.1117,-4.605681,3.0
-594.9387,286.0056,-4.643118,3.0
-595.4595,295.926,-4.680522,3.0
-595.6093,305.8588,-4.717883,3.0
-595.3909,315.7997,-4.748163,3.0
-595.0337,325.7934,-4.748102,3.0
-594.6765,335.787,-4.748102,3.0
-594.3193,345.7806,-4.748163,3.0
-593.9621,355.7742,-4.748102,3.0
-593.6049,365.7678,-4.748102,3.0
-593.3673,375.8302,-4.707506,3.0
-593.6837,385.9266,-4.648748,3.0
-594.5925,395.987,-4.590014,3.0
-596.0907,405.9767,-4.531285,3.0
-598.1729,415.8611,-4.472481,3.0
-600.8321,425.6062,-4.413657,3.0
-604.0591,435.1783,-4.354972,3.0
-607.8427,444.5443,-4.296185,3.0
-612.1697,453.672,-4.237386,3.0
-617.0255,462.5297,-4.178684,3.0
-622.3931,471.087,-4.11985,3.0
-628.254,479.3143,-4.061118,3.0
-634.588,487.1831,-4.002353,3.0
-568.8823,-68.26704,-5.389256,3.0
-562.6187,-60.47179,-5.389303,4.0
-556.3549,-52.67653,-5.389256,4.0
-550.0912,-44.88127,-5.388656,4.0
-543.8643,-36.63672,-5.322415,4.0
-538.1946,-27.97522,-5.254986,4.0
-533.1216,-18.95131,-5.187584,4.0
-528.6683,-9.606003,-5.120135,4.0
-524.855,0.01819014,-5.052658,4.0
-521.6989,9.877507,-4.985231,4.0
-519.2145,19.92711,-4.917748,4.0
-517.4131,30.12131,-4.850278,4.0
-516.3028,40.41373,-4.782821,4.0
-515.8887,50.75476,-4.7166,4.0
-516.0959,61.0347,-4.662686,4.0
-516.8572,71.2885,-4.608687,4.0
-518.1703,81.48632,-4.554693,4.0
-520.0316,91.59848,-4.50073,4.0
-522.4355,101.5955,-4.446827,4.0
-525.3751,111.4484,-4.392831,4.0
-528.8417,121.1284,-4.338895,4.0
-532.8254,130.6074,-4.284937,4.0
-537.3145,139.8577,-4.230991,4.0
-542.2952,148.8514,-4.179888,4.0
-547.3721,157.4668,-4.17988,4.0
-552.449,166.0822,-4.179888,4.0
-557.4741,174.6509,-4.194485,4.0
-562.1838,183.2485,-4.231824,4.0
-566.5688,192.0162,-4.269256,4.0
-570.623,200.9417,-4.306633,4.0
-574.3408,210.0125,-4.344005,4.0
-577.7169,219.216,-4.381364,4.0
-580.7465,228.5392,-4.418759,4.0
-583.4256,237.9692,-4.456237,4.0
-585.7502,247.4927,-4.493545,4.0
-587.7172,257.0964,-4.530974,4.0
-589.3239,266.767,-4.568338,4.0
-590.5679,276.4909,-4.605742,4.0
-591.4475,286.2545,-4.64318,4.0
-591.9615,296.0441,-4.680522,4.0
-592.1093,305.8461,-4.717883,4.0
-591.8931,315.6747,-4.748102,4.0
-591.5359,325.6683,-4.748102,4.0
-591.1788,335.662,-4.748163,4.0
-590.8215,345.6556,-4.748102,4.0
-590.4644,355.6492,-4.748102,4.0
-590.1072,365.6428,-4.748163,4.0
-589.8673,375.8369,-4.707567,4.0
-590.1902,386.1389,-4.64887,4.0
-591.1175,396.4042,-4.590074,4.0
-592.6461,406.5972,-4.531285,4.0
-594.7708,416.6829,-4.472547,4.0
-597.4841,426.6264,-4.413715,4.0
-600.7767,436.3933,-4.354972,4.0
-604.6373,445.9501,-4.296241,4.0
-609.0526,455.2635,-4.237454,4.0
-614.0071,464.3016,-4.178684,4.0
-619.484,473.0331,-4.119934,4.0
-625.4642,481.4279,-4.061185,4.0
-631.9272,489.4569,-4.002419,4.0
-566.154,-70.45934,-5.389256,4.0
-559.8903,-62.66408,-5.389303,5.0
-553.6266,-54.86882,-5.389256,5.0
-547.3629,-47.07356,-5.388652,5.0
-541.0023,-38.65125,-5.322539,5.0
-535.2033,-29.79228,-5.255058,5.0
-530.0146,-20.56263,-5.1876,5.0
-525.4598,-11.00426,-5.120202,5.0
-521.5594,-1.160637,-5.052723,5.0
-518.3315,8.923466,-4.985295,5.0
-515.7904,19.2022,-4.917811,5.0
-513.9479,29.62881,-4.8504,5.0
-512.8123,40.1559,-4.782943,5.0
-512.3887,50.73088,-4.716662,5.0
-512.5997,61.1996,-4.662686,5.0
-513.3751,71.64171,-4.608748,5.0
-514.7123,82.02681,-4.554755,5.0
-516.6078,92.32468,-4.500793,5.0
-519.0558,102.5053,-4.446829,5.0
-522.0494,112.5391,-4.392894,5.0
-525.5797,122.3969,-4.338958,5.0
-529.6365,132.05,-4.284998,5.0
-534.208,141.4702,-4.231005,5.0
-539.2798,150.6283,-4.179888,5.0
-544.3568,159.2437,-4.179888,5.0
-549.4337,167.8591,-4.179888,5.0
-554.4364,176.3895,-4.194485,5.0
-559.0833,184.8724,-4.231838,5.0
-563.4098,193.523,-4.269256,5.0
-567.4099,202.3294,-4.306633,5.0
-571.078,211.2791,-4.34401,5.0
-574.409,220.3597,-4.381432,5.0
-577.3983,229.5585,-4.418822,5.0
-580.0415,238.8626,-4.456178,5.0
-582.3351,248.2589,-4.493608,5.0
-584.2759,257.7345,-4.530974,5.0
-585.8611,267.276,-4.568399,5.0
-587.0884,276.8701,-4.605742,5.0
-587.9564,286.5033,-4.643182,5.0
-588.4636,296.1623,-4.680584,5.0
-588.6093,305.8335,-4.717943,5.0
-588.3954,315.5497,-4.748102,5.0
-588.0382,325.5433,-4.748163,5.0
-587.681,335.5369,-4.748102,5.0
-587.3238,345.5305,-4.748102,5.0
-586.9666,355.5242,-4.748163,5.0
-586.6094,365.5178,-4.748102,5.0
-586.3673,375.8438,-4.707628,5.0
-586.6966,386.3513,-4.64887,5.0
-587.6425,396.8214,-4.590135,5.0
-589.2016,407.2178,-4.531411,5.0
-591.3686,417.5047,-4.472547,5.0
-594.1361,427.6466,-4.413841,5.0
-597.4944,437.6084,-4.355097,5.0
-601.4321,447.3558,-4.296309,5.0
-605.9354,456.8551,-4.237523,5.0
-610.9888,466.0735,-4.178768,5.0
-616.575,474.9792,-4.120002,5.0
-622.6745,483.5415,-4.061252,5.0
-629.2664,491.7307,-4.002439,5.0
835.1674,-298.5242,-1.651145,5.0
834.3646,-308.4919,-1.651205,3.0
833.5618,-318.464,-1.645572,3.0
833.0995,-328.5642,-1.581172,3.0
833.2871,-338.6732,-1.516936,3.0
834.1238,-348.7493,-1.452664,3.0
835.6061,-358.7509,-1.388328,3.0
837.7279,-368.6365,-1.324041,3.0
840.4805,-378.3654,-1.259777,3.0
843.1648,-387.8169,-1.366494,3.0
844.5439,-397.4679,-1.505381,3.0
844.5734,-407.2169,-1.64435,3.0
843.2526,-416.8761,-1.783269,3.0
840.607,-426.2592,-1.922227,3.0
836.6874,-435.1857,-2.061034,3.0
831.866,-443.8978,-2.078336,3.0
827.0056,-452.6371,-2.078336,3.0
822.1459,-461.3752,-2.08197,3.0
817.0907,-469.8908,-2.136655,3.0
811.5775,-478.1173,-2.19134,3.0
805.6227,-486.03,-2.246023,3.0
799.2443,-493.6053,-2.300728,3.0
792.4612,-500.8206,-2.355418,3.0
785.2948,-507.6531,-2.411618,3.0
777.7363,-514.0165,-2.478901,3.0
769.7674,-519.8578,-2.546023,3.0
761.4241,-525.1508,-2.613263,3.0
752.7443,-529.8714,-2.680484,3.0
743.7669,-533.9983,-2.747689,3.0
734.5188,-537.5253,-2.801718,3.0
725.0908,-540.8588,-2.801775,3.0
715.6866,-543.9658,-2.859168,3.0
706.1204,-546.4189,-2.928994,3.0
696.4063,-548.1989,-2.998772,3.0
686.5917,-549.2969,-3.068589,3.0
676.7244,-549.7076,-3.138419,3.0
666.8525,-549.4291,-3.20823,3.0
657.024,-548.4628,-3.27806,3.0
647.2869,-546.8132,-3.347882,3.0
637.6481,-544.5064,-3.394402,3.0
627.9659,-542.0053,-3.394402,3.0
618.2838,-539.5042,-3.394402,3.0
608.6016,-537.0031,-3.394402,3.0
598.9194,-534.502,-3.394402,3.0
589.2372,-532.0009,-3.394343,3.0
579.5551,-529.4998,-3.394343,3.0
569.9652,-526.8965,-3.432611,3.0
560.5415,-523.8343,-3.484132,3.0
551.2881,-520.2908,-3.535689,3.0
542.2294,-516.2754,-3.587224,3.0
533.3895,-511.7988,-3.638711,3.0
524.792,-506.8728,-3.690235,3.0
516.4595,-501.5106,-3.741758,3.0
508.4143,-495.7263,-3.793297,3.0
500.6777,-489.5354,-3.84481,3.0
493.2702,-482.9543,-3.896365,3.0
486.2115,-476.0003,-3.947859,3.0
479.5203,-468.692,-3.999257,3.0
472.9931,-461.1252,-4.000793,3.0
466.5138,-453.5399,-4.015494,3.0
460.1868,-445.8413,-4.035489,3.0
454.0151,-438.0178,-4.055459,3.0
448.001,-430.0724,-4.075461,3.0
442.1471,-422.0083,-4.095478,3.0
436.4556,-413.8288,-4.115499,3.0
430.9288,-405.5371,-4.135466,3.0
425.5689,-397.1365,-4.155472,3.0
420.3782,-388.6304,-4.175481,3.0
415.3575,-380.0208,-4.193508,3.0
410.3984,-371.3371,-4.193508,3.0
405.445,-362.6573,-4.198167,3.0
400.6293,-353.9365,-4.219708,3.0
396.0025,-345.114,-4.241235,3.0
391.567,-336.1938,-4.262785,3.0
387.3246,-327.1802,-4.284342,3.0
383.2774,-318.0772,-4.305902,3.0
379.4273,-308.8892,-4.327434,3.0
375.776,-299.6203,-4.348975,3.0
372.3253,-290.275,-4.370535,3.0
369.0768,-280.8574,-4.392086,3.0
366.0319,-271.372,-4.413619,3.0
363.192,-261.8233,-4.435171,3.0
360.5586,-252.2156,-4.456715,3.0
358.1327,-242.5533,-4.478261,3.0
355.8371,-232.8271,-4.480926,3.0
353.5432,-223.0938,-4.480926,3.0
351.2492,-213.3605,-4.480926,3.0
348.9553,-203.6271,-4.480926,3.0
346.6613,-193.8938,-4.480929,3.0
344.3673,-184.1605,-4.480908,3.0
341.9848,-174.4157,-4.461663,3.0
339.4078,-164.7174,-4.441669,3.0
336.6373,-155.0726,-4.42169,3.0
333.6746,-145.4851,-4.401689,3.0
330.5207,-135.9588,-4.381654,3.0
327.1768,-126.4975,-4.361678,3.0
323.6445,-117.1049,-4.341681,3.0
319.9251,-107.785,-4.322756,3.0
316.1267,-98.53446,-4.322753,3.0
312.3283,-89.28394,-4.322784,3.0
308.5299,-80.03342,-4.322784,3.0
304.7315,-70.78289,-4.322781,3.0
300.7936,-61.52811,-4.287251,3.0
296.4569,-52.43302,-4.243316,3.0
291.7249,-43.5372,-4.199392,3.0
831.6788,-298.2432,-1.651205,3.0
830.8759,-308.2109,-1.651205,4.0
830.0724,-318.1917,-1.645757,4.0
829.5998,-328.5166,-1.581234,4.0
829.7916,-338.8506,-1.516999,4.0
830.6469,-349.1509,-1.452664,4.0
832.1622,-359.375,-1.388388,4.0
834.3312,-369.4806,-1.3241,4.0
837.145,-379.4259,-1.259835,4.0
839.7427,-388.5514,-1.366931,4.0
841.0532,-397.7214,-1.50581,4.0
841.0812,-406.9846,-1.644717,4.0
839.8262,-416.1624,-1.783646,4.0
837.3124,-425.0779,-1.922613,4.0
833.5882,-433.5595,-2.061156,4.0
828.8073,-442.1967,-2.078336,4.0
823.9468,-450.936,-2.078336,4.0
819.0885,-459.6715,-2.082107,4.0
814.131,-468.0225,-2.136706,4.0
808.7244,-476.09,-2.191358,4.0
802.8848,-483.8498,-2.24609,4.0
796.6296,-491.2787,-2.300794,4.0
789.9777,-498.3545,-2.355482,4.0
782.952,-505.0529,-2.411767,4.0
775.5734,-511.2648,-2.478901,4.0
767.7942,-516.9671,-2.546108,4.0
759.6496,-522.134,-2.613347,4.0
751.1763,-526.7422,-2.68062,4.0
742.4127,-530.7709,-2.747769,4.0
733.3521,-534.2255,-2.801755,4.0
723.924,-537.5591,-2.801697,4.0
714.6995,-540.6079,-2.859285,4.0
705.3698,-543.0004,-2.929054,4.0
695.896,-544.7363,-2.998893,4.0
686.3242,-545.8071,-3.068711,4.0
676.7009,-546.2078,-3.138541,4.0
667.0732,-545.9361,-3.208291,4.0
657.4879,-544.9937,-3.27819,4.0
647.9916,-543.3848,-3.347954,4.0
638.5235,-541.1177,-3.394402,4.0
628.8414,-538.6165,-3.394402,4.0
619.1592,-536.1154,-3.394343,4.0
609.477,-533.6143,-3.394402,4.0
599.7948,-531.1132,-3.394402,4.0
590.1127,-528.6121,-3.394402,4.0
580.4305,-526.111,-3.394402,4.0
570.9608,-523.541,-3.432611,4.0
561.7086,-520.5345,-3.48419,4.0
552.6235,-517.0555,-3.535689,4.0
543.7297,-513.1132,-3.587224,4.0
535.0507,-508.7181,-3.638793,4.0
526.6096,-503.8818,-3.690287,4.0
518.4288,-498.6172,-3.741818,4.0
510.53,-492.9382,-3.79334,4.0
502.9341,-486.8599,-3.844876,4.0
495.6614,-480.3985,-3.896408,4.0
488.7312,-473.5711,-3.947902,4.0
482.1618,-466.3958,-3.999282,4.0
475.6437,-458.8395,-4.000793,4.0
469.1954,-451.2906,-4.015474,4.0
462.9129,-443.6462,-4.035465,4.0
456.7845,-435.8776,-4.055459,4.0
450.8127,-427.9881,-4.075461,4.0
444.9999,-419.9806,-4.095478,4.0
439.3484,-411.8586,-4.115499,4.0
433.8604,-403.6251,-4.135483,4.0
428.5382,-395.2835,-4.155472,4.0
423.3839,-386.8372,-4.175481,4.0
418.3968,-378.2852,-4.193508,4.0
413.4377,-369.6014,-4.193508,4.0
408.4905,-360.9324,-4.198167,4.0
403.7112,-352.2777,-4.219708,4.0
399.1195,-343.5219,-4.241262,4.0
394.7175,-334.6693,-4.262799,4.0
390.5072,-325.7239,-4.284369,4.0
386.4907,-316.6898,-4.305902,4.0
382.6697,-307.5714,-4.327434,4.0
379.0461,-298.3727,-4.348975,4.0
375.6215,-289.0981,-4.370535,4.0
372.3976,-279.7518,-4.392086,4.0
369.3757,-270.3382,-4.413657,4.0
366.5573,-260.8618,-4.435171,4.0
363.9438,-251.3268,-4.456744,4.0
361.5363,-241.7377,-4.478291,4.0
359.2438,-232.0242,-4.480926,4.0
356.9498,-222.2909,-4.480926,4.0
354.6559,-212.5576,-4.480926,4.0
352.3619,-202.8242,-4.480929,4.0
350.068,-193.0909,-4.480926,4.0
347.774,-183.3576,-4.48093,4.0
345.3762,-173.5508,-4.461663,4.0
342.7812,-163.7848,-4.441702,4.0
339.9915,-154.0727,-4.42169,4.0
337.008,-144.4184,-4.401689,4.0
333.8321,-134.8256,-4.381688,4.0
330.465,-125.2983,-4.361678,4.0
326.908,-115.8402,-4.341683,4.0
323.1628,-106.4555,-4.322781,4.0
319.3644,-97.20502,-4.322781,4.0
315.566,-87.9545,-4.322756,4.0
311.7676,-78.70398,-4.322753,4.0
307.9692,-69.45345,-4.322753,4.0
303.9852,-60.0915,-4.287286,4.0
299.5823,-50.8576,-4.243351,4.0
294.7781,-41.82602,-4.199399,4.0
828.1901,-297.9622,-1.651205,4.0
827.3871,-307.9299,-1.651205,5.0
826.583,-317.9194,-1.645941,5.0
826.1002,-328.4691,-1.581356,5.0
826.2961,-339.028,-1.51706,5.0
827.17,-349.5525,-1.452785,5.0
828.7183,-359.9991,-1.388453,5.0
830.9345,-370.3247,-1.32416,5.0
833.8096,-380.4865,-1.259903,5.0
836.3206,-389.2858,-1.367302,5.0
837.5624,-397.9749,-1.506236,5.0
837.5889,-406.7522,-1.645146,5.0
836.3997,-415.4486,-1.784083,5.0
834.0178,-423.8966,-1.923009,5.0
830.4889,-431.9333,-2.06136,5.0
825.7485,-440.4955,-2.078336,5.0
820.8881,-449.2349,-2.078336,5.0
816.0311,-457.9679,-2.082243,5.0
811.1714,-466.1542,-2.136723,5.0
805.8713,-474.0627,-2.191475,5.0
800.1468,-481.6695,-2.246157,5.0
794.015,-488.952,-2.30086,5.0
787.4941,-495.8883,-2.355569,5.0
780.6091,-502.4526,-2.411853,5.0
773.4105,-508.5131,-2.478987,5.0
765.821,-514.0764,-2.546243,5.0
757.8751,-519.1172,-2.613483,5.0
749.6084,-523.613,-2.68062,5.0
741.0585,-527.5435,-2.747825,5.0
732.1852,-530.9257,-2.801718,5.0
722.7573,-534.2593,-2.801718,5.0
713.7123,-537.25,-2.859361,5.0
704.6193,-539.5818,-2.929186,5.0
695.3857,-541.2737,-2.999022,5.0
686.0566,-542.3174,-3.068837,5.0
676.6775,-542.7078,-3.138602,5.0
667.2939,-542.4431,-3.208416,5.0
657.9517,-541.5245,-3.27819,5.0
648.6964,-539.9565,-3.348073,5.0
639.3989,-537.7289,-3.394402,5.0
629.7167,-535.2278,-3.394402,5.0
620.0345,-532.7267,-3.394402,5.0
610.3524,-530.2256,-3.394402,5.0
600.6702,-527.7245,-3.394402,5.0
590.988,-525.2234,-3.394402,5.0
581.3058,-522.7222,-3.394343,5.0
571.9563,-520.1856,-3.432728,5.0
562.8756,-517.2349,-3.484247,5.0
553.9589,-513.8203,-3.535745,5.0
545.2299,-509.9511,-3.587306,5.0
536.7119,-505.6374,-3.63882,5.0
528.4272,-500.8908,-3.690371,5.0
520.398,-495.7237,-3.741868,5.0
512.6456,-490.15,-3.793407,5.0
505.1906,-484.1844,-3.844919,5.0
498.0527,-477.8427,-3.896451,5.0
491.2509,-471.1419,-3.947968,5.0
484.8033,-464.0996,-3.999311,5.0
478.2943,-456.5538,-4.000793,5.0
471.877,-449.0415,-4.015494,5.0
465.639,-441.4511,-4.035489,5.0
459.554,-433.7375,-4.055459,5.0
453.6244,-425.9037,-4.075486,5.0
447.8527,-417.9529,-4.095478,5.0
442.2411,-409.8883,-4.115499,5.0
436.792,-401.7131,-4.135483,5.0
431.5075,-393.4305,-4.155472,5.0
426.3896,-385.0439,-4.175481,5.0
421.4361,-376.5495,-4.193508,5.0
416.4771,-367.8657,-4.193508,5.0
411.536,-359.2076,-4.198167,5.0
406.7931,-350.6189,-4.219735,5.0
402.2365,-341.9299,-4.241262,5.0
397.868,-333.1448,-4.262826,5.0
393.6899,-324.2676,-4.284369,5.0
389.704,-315.3025,-4.305902,5.0
385.9122,-306.2536,-4.327434,5.0
382.3162,-297.125,-4.348975,5.0
378.9177,-287.9211,-4.370535,5.0
375.7183,-278.6462,-4.392096,5.0
372.7195,-269.3044,-4.413657,5.0
369.9227,-259.9002,-4.4352,5.0
367.3291,-250.438,-4.456744,5.0
364.94,-240.922,-4.478261,5.0
362.6505,-231.2214,-4.480926,5.0
360.3565,-221.488,-4.480926,5.0
358.0625,-211.7547,-4.480926,5.0
355.7686,-202.0214,-4.480926,5.0
353.4746,-192.288,-4.480926,5.0
351.1807,-182.5547,-4.480922,5.0
348.7676,-172.6858,-4.461692,5.0
346.1547,-162.8522,-4.441698,5.0
343.3456,-153.0728,-4.42169,5.0
340.3415,-143.3516,-4.401689,5.0
337.1436,-133.6924,-4.381688,5.0
333.7531,-124.0991,-4.361707,5.0
330.1715,-114.5754,-4.341683,5.0
326.4005,-105.1261,-4.322756,5.0
322.6021,-95.87559,-4.322753,5.0
318.8037,-86.62506,-4.322753,5.0
315.0053,-77.37453,-4.322756,5.0
311.2069,-68.12402,-4.322784,5.0
307.1768,-58.65489,-4.28732,5.0
302.7077,-49.28219,-4.243384,5.0
297.8313,-40.11485,-4.199435,5.0
-595.146,802.1282,-6.258402,5.0
-605.0811,801.7083,-6.226698,3.0
-614.9979,800.9729,-6.194874,3.0
-624.8863,799.9229,-6.163085,3.0
-634.7363,798.5594,-6.131352,3.0
-644.5381,796.8837,-6.099604,3.0
-654.2817,794.8974,-6.067773,3.0
-663.9573,792.6027,-6.035986,3.0
-673.5551,790.0018,-6.004315,3.0
-683.0654,787.0972,-5.972476,3.0
-692.4788,783.8922,-5.940723,3.0
-701.7855,780.3896,-5.908913,3.0
-711.0166,776.6183,-5.891277,3.0
-720.2585,772.7991,-5.891333,3.0
-729.5004,768.9798,-5.891333,3.0
-738.7424,765.1605,-5.891277,3.0
-747.881,761.2795,-5.855194,3.0
-756.6477,756.7848,-5.772079,3.0
-765.0112,751.5781,-5.689021,3.0
-772.9138,745.6953,-5.605937,3.0
-780.3008,739.177,-5.522865,3.0
-787.1215,732.0681,-5.439751,3.0
-793.3287,724.4178,-5.356708,3.0
-798.8797,716.2787,-5.273609,3.0
-803.7361,707.7071,-5.190558,3.0
-595.0538,798.6294,-6.258464,3.0
-604.8778,798.2141,-6.226637,4.0
-614.6837,797.4871,-6.194934,4.0
-624.4615,796.4488,-6.163085,4.0
-634.2014,795.1005,-6.131361,4.0
-643.8936,793.4435,-6.099604,4.0
-653.5282,791.4795,-6.067833,4.0
-663.0956,789.2104,-6.036046,4.0
-672.5861,786.6385,-6.004257,4.0
-681.9901,783.7665,-5.972494,4.0
-691.2982,780.5972,-5.940723,4.0
-700.5008,777.1339,-5.908969,4.0
-709.6799,773.3837,-5.891333,4.0
-718.9218,769.5644,-5.891277,4.0
-728.1637,765.7451,-5.891333,4.0
-737.4056,761.9258,-5.891277,4.0
-746.4149,758.1013,-5.85533,4.0
-754.9229,753.7393,-5.772215,4.0
-763.0396,748.6862,-5.689156,4.0
-770.709,742.977,-5.606071,4.0
-777.8781,736.6511,-5.523037,4.0
-784.4976,729.752,-5.439924,4.0
-790.5216,722.3273,-5.356793,4.0
-795.9088,714.4285,-5.273745,4.0
-800.6218,706.1097,-5.190667,4.0
-594.9615,795.1306,-6.258464,4.0
-604.6744,794.72,-6.226698,5.0
-614.3694,794.0012,-6.194934,5.0
-624.0367,792.9747,-6.163146,5.0
-633.6664,791.6417,-6.131423,5.0
-643.249,790.0034,-6.099604,5.0
-652.7747,788.0616,-6.067846,5.0
-662.2339,785.8181,-6.036046,5.0
-671.6171,783.2754,-6.004315,5.0
-680.9148,780.4359,-5.972494,5.0
-690.1176,777.3024,-5.940781,5.0
-699.2161,773.8782,-5.908969,5.0
-708.3431,770.149,-5.891333,5.0
-717.585,766.3297,-5.891277,5.0
-726.8269,762.5104,-5.891277,5.0
-736.0688,758.6911,-5.891277,5.0
-744.9488,754.9232,-5.855467,5.0
-753.1982,750.6937,-5.772352,5.0
-761.0681,745.7943,-5.68924,5.0
-768.5042,740.2587,-5.606195,5.0
-775.4554,734.1251,-5.523124,5.0
-781.8735,727.4358,-5.44005,5.0
-787.7145,720.2369,-5.357013,5.0
-792.9378,712.5782,-5.273861,5.0
-797.5076,704.5124,-5.190832,5.0
-55.87976,-300.7321,-1.544831,5.0
-55.62011,-310.7287,-1.544831,3.0
-55.36047,-320.7253,-1.544831,3.0
-55.10082,-330.722,-1.544831,3.0
-54.84117,-340.7186,-1.544831,3.0
-54.77254,-350.6421,-1.590351,3.0
-55.18306,-360.5475,-1.638987,3.0
-56.07467,-370.4212,-1.687622,3.0
-57.44524,-380.2399,-1.736264,3.0
-59.29156,-389.9804,-1.784894,3.0
-61.60925,-399.6196,-1.833536,3.0
-64.39281,-409.1347,-1.882165,3.0
-67.63569,-418.5032,-1.930814,3.0
-71.33019,-427.703,-1.979436,3.0
-75.4676,-436.7123,-2.028084,3.0
-80.03812,-445.5098,-2.076717,3.0
-85.0316,-454.0768,-2.123395,3.0
-90.37991,-462.4539,-2.158115,3.0
-96.01579,-470.6401,-2.192836,3.0
-101.9324,-478.6259,-2.227561,3.0
-108.1227,-486.4014,-2.262284,3.0
-114.5792,-493.9574,-2.29699,3.0
-121.2941,-501.2847,-2.331705,3.0
-128.2592,-508.3745,-2.366434,3.0
-135.4663,-515.2182,-2.401148,3.0
-142.9066,-521.8076,-2.435849,3.0
-150.5711,-528.1348,-2.470588,3.0
-158.4507,-534.1921,-2.505294,3.0
-166.5406,-539.9795,-2.533664,3.0
-174.7489,-545.6912,-2.533614,3.0
-182.9572,-551.403,-2.533656,3.0
-191.1654,-557.1148,-2.533664,3.0
-199.3737,-562.8266,-2.533656,3.0
-207.582,-568.5383,-2.533614,3.0
-215.7902,-574.2501,-2.533664,3.0
-223.9985,-579.9619,-2.533664,3.0
-232.2067,-585.6737,-2.533656,3.0
-240.415,-591.3854,-2.533664,3.0
-248.6187,-597.07,-2.546184,3.0
-256.9292,-602.5345,-2.576766,3.0
-265.4028,-607.7427,-2.607312,3.0
-274.0315,-612.6896,-2.637823,3.0
-282.8072,-617.3706,-2.668378,3.0
-291.7218,-621.7814,-2.698924,3.0
-300.767,-625.918,-2.729516,3.0
-309.9343,-629.7762,-2.760021,3.0
-319.2152,-633.3528,-2.790616,3.0
-328.601,-636.6442,-2.821135,3.0
-338.0829,-639.6473,-2.851665,3.0
-347.6521,-642.3595,-2.882225,3.0
-357.2997,-644.7781,-2.912735,3.0
-367.0167,-646.9009,-2.943335,3.0
-376.794,-648.726,-2.973875,3.0
-386.6224,-650.2516,-3.004383,3.0
-396.4929,-651.4763,-3.034946,3.0
-406.427,-652.4796,-3.042185,3.0
-416.3776,-653.472,-3.042185,3.0
-426.3283,-654.4645,-3.042185,3.0
-436.2789,-655.4568,-3.042185,3.0
-446.2295,-656.4493,-3.042185,3.0
-456.1802,-657.4417,-3.042185,3.0
-466.1308,-658.4341,-3.042185,3.0
-476.0693,-659.4207,-3.0523,3.0
-59.37858,-300.8229,-1.544831,3.0
-59.11893,-310.8196,-1.544831,4.0
-58.85929,-320.8162,-1.544831,4.0
-58.59964,-330.8128,-1.544831,4.0
-58.33999,-340.8094,-1.544831,4.0
-58.27203,-350.5822,-1.590393,4.0
-58.6755,-360.3175,-1.639029,4.0
-59.5518,-370.0218,-1.687668,4.0
-60.89885,-379.6719,-1.736305,4.0
-62.71346,-389.2451,-1.784936,4.0
-64.99136,-398.7188,-1.833577,4.0
-67.72713,-408.0706,-1.882209,4.0
-70.91433,-417.2783,-1.930842,4.0
-74.54541,-426.3201,-1.97949,4.0
-78.61178,-435.1747,-2.028111,4.0
-83.10383,-443.8212,-2.076766,4.0
-88.01387,-452.2449,-2.123417,4.0
-93.2968,-460.5195,-2.158128,4.0
-98.86377,-468.6057,-2.192854,4.0
-104.7081,-476.4938,-2.227579,4.0
-110.8227,-484.1743,-2.262295,4.0
-117.2002,-491.6378,-2.297022,4.0
-123.833,-498.8755,-2.331743,4.0
-130.713,-505.8787,-2.366467,4.0
-137.8319,-512.6387,-2.401203,4.0
-145.1813,-519.1476,-2.435906,4.0
-152.7521,-525.3975,-2.470598,4.0
-160.5353,-531.3807,-2.505343,4.0
-168.5397,-537.1066,-2.533664,4.0
-176.748,-542.8184,-2.533664,4.0
-184.9563,-548.5302,-2.533664,4.0
-193.1646,-554.2419,-2.533664,4.0
-201.3728,-559.9537,-2.533664,4.0
-209.5811,-565.6655,-2.533664,4.0
-217.7893,-571.3773,-2.533656,4.0
-225.9976,-577.0891,-2.533664,4.0
-234.2059,-582.8008,-2.533664,4.0
-242.4141,-588.5126,-2.533664,4.0
-250.586,-594.1753,-2.546243,4.0
-258.8073,-599.5811,-2.57675,4.0
-267.1897,-604.7332,-2.607312,4.0
-275.7257,-609.627,-2.637838,4.0
-284.4071,-614.2577,-2.668446,4.0
-293.2259,-618.6211,-2.698937,4.0
-302.1738,-622.7131,-2.729516,4.0
-311.2426,-626.53,-2.760032,4.0
-320.4237,-630.0681,-2.790616,4.0
-329.7086,-633.324,-2.821135,4.0
-339.0886,-636.2949,-2.851723,4.0
-348.555,-638.9779,-2.882225,4.0
-358.0989,-641.3705,-2.912795,4.0
-367.7114,-643.4706,-2.943335,4.0
-377.3836,-645.276,-2.973875,4.0
-387.1064,-646.7852,-3.004443,4.0
-396.8708,-647.9967,-3.034946,4.0
-406.7744,-648.9969,-3.042185,4.0
-416.725,-649.9893,-3.042185,4.0
-426.6756,-650.9818,-3.042185,4.0
-436.6263,-651.9742,-3.042185,4.0
-446.5769,-652.9666,-3.042185,4.0
-456.5275,-653.959,-3.042185,4.0
-466.4781,-654.9514,-3.042185,4.0
-476.3914,-655.9356,-3.052425,4.0
-62.8774,-300.9138,-1.544827,4.0
-62.61776,-310.9105,-1.544827,5.0
-62.35811,-320.9071,-1.544827,5.0
-62.09846,-330.9037,-1.544827,5.0
-61.83881,-340.9003,-1.544827,5.0
-61.77152,-350.5223,-1.590435,5.0
-62.16794,-360.0876,-1.639074,5.0
-63.02893,-369.6223,-1.687713,5.0
-64.35245,-379.1039,-1.736346,5.0
-66.13537,-388.5099,-1.784987,5.0
-68.37347,-397.8181,-1.833621,5.0
-71.06145,-407.0065,-1.882262,5.0
-74.19298,-416.0533,-1.930896,5.0
-77.76062,-424.9372,-1.979525,5.0
-81.75596,-433.6371,-2.028166,5.0
-86.16953,-442.1326,-2.076799,5.0
-90.99615,-450.4129,-2.123408,5.0
-96.21368,-458.5851,-2.158164,5.0
-101.7117,-466.5712,-2.192891,5.0
-107.4837,-474.3617,-2.22761,5.0
-113.5226,-481.9471,-2.262326,5.0
-119.8212,-489.3183,-2.297033,5.0
-126.3719,-496.4664,-2.331754,5.0
-133.1667,-503.3828,-2.366477,5.0
-140.1976,-510.0592,-2.401191,5.0
-147.4559,-516.4875,-2.435906,5.0
-154.9331,-522.66,-2.470607,5.0
-162.6199,-528.5693,-2.505352,5.0
-170.5389,-534.2337,-2.533664,5.0
-178.7471,-539.9455,-2.533656,5.0
-186.9554,-545.6572,-2.533656,5.0
-195.1637,-551.369,-2.533664,5.0
-203.3719,-557.0808,-2.533664,5.0
-211.5802,-562.7926,-2.533664,5.0
-219.7885,-568.5043,-2.533664,5.0
-227.9967,-574.2161,-2.533664,5.0
-236.205,-579.9279,-2.533656,5.0
-244.4133,-585.6397,-2.533664,5.0
-252.5534,-591.2806,-2.546243,5.0
-260.6853,-596.6276,-2.576818,5.0
-268.9767,-601.7238,-2.607312,5.0
-277.4199,-606.5643,-2.637891,5.0
-286.007,-611.1448,-2.668446,5.0
-294.7299,-615.4608,-2.698937,5.0
-303.5807,-619.5083,-2.729516,5.0
-312.5509,-623.2837,-2.760089,5.0
-321.6322,-626.7833,-2.790626,5.0
-330.8163,-630.0039,-2.821135,5.0
-340.0943,-632.9425,-2.851665,5.0
-349.4578,-635.5964,-2.882225,5.0
-358.898,-637.963,-2.912795,5.0
-368.4061,-640.0402,-2.943335,5.0
-377.9732,-641.826,-2.973875,5.0
-387.5904,-643.3188,-3.004443,5.0
-397.2486,-644.5172,-3.035007,5.0
-407.1217,-645.5142,-3.042185,5.0
-417.0723,-646.5066,-3.042185,5.0
-427.0229,-647.499,-3.042185,5.0
-436.9736,-648.4915,-3.042185,5.0
-446.9242,-649.4838,-3.042185,5.0
-456.8748,-650.4763,-3.042185,5.0
-466.8255,-651.4687,-3.042185,5.0
-476.7135,-652.4504,-3.052546,5.0
-712.6289,-284.1084,-4.935487,5.0
-710.2113,-274.5002,-4.987578,3.0
-707.2963,-265.0312,-5.039737,3.0
-703.8917,-255.7269,-5.091853,3.0
-700.0069,-246.6126,-5.144055,3.0
-695.6523,-237.7133,-5.196189,3.0
-690.8398,-229.053,-5.248228,3.0
-685.7237,-220.4698,-5.250076,3.0
-680.6021,-211.8809,-5.250129,3.0
-675.4805,-203.292,-5.250076,3.0
-670.308,-194.77,-5.26879,3.0
-664.9695,-186.3558,-5.288762,3.0
-659.4638,-178.0501,-5.308763,3.0
-653.7931,-169.8561,-5.328751,3.0
-647.9597,-161.7772,-5.348773,3.0
-641.9658,-153.8166,-5.368751,3.0
-635.8139,-145.9774,-5.388711,3.0
-629.5523,-138.1839,-5.389303,3.0
-623.2886,-130.3886,-5.389256,3.0
-617.0249,-122.5934,-5.389256,3.0
-610.7612,-114.7981,-5.389303,3.0
-604.4975,-107.0029,-5.389256,3.0
-598.2338,-99.20759,-5.389303,3.0
-591.9701,-91.41233,-5.389256,3.0
-585.7064,-83.61707,-5.389303,3.0
-709.2136,-284.8737,-4.935487,3.0
-706.8405,-275.4425,-4.987637,4.0
-703.9792,-266.1478,-5.039737,4.0
-700.6373,-257.0148,-5.09192,4.0
-696.824,-248.0685,-5.144068,4.0
-692.5496,-239.333,-5.196196,4.0
-687.8257,-230.8322,-5.248244,4.0
-682.7176,-222.2624,-5.250076,4.0
-677.596,-213.6735,-5.250129,4.0
-672.4744,-205.0846,-5.250076,4.0
-667.3341,-196.6154,-5.26879,4.0
-662.0331,-188.2603,-5.28877,4.0
-656.566,-180.013,-5.308772,4.0
-650.9351,-171.8766,-5.328759,4.0
-645.1426,-163.8544,-5.348782,4.0
-639.1909,-155.9497,-5.368809,4.0
-633.0823,-148.1656,-5.388708,4.0
-626.824,-140.3762,-5.389303,4.0
-620.5602,-132.5809,-5.389256,4.0
-614.2966,-124.7857,-5.389303,4.0
-608.0328,-116.9904,-5.389256,4.0
-601.7692,-109.1951,-5.389256,4.0
-595.5055,-101.3999,-5.389303,4.0
-589.2418,-93.60463,-5.389256,4.0
-582.9781,-85.80936,-5.389303,4.0
-705.7983,-285.6389,-4.935554,4.0
-703.4697,-276.3847,-4.987645,5.0
-700.6621,-267.2644,-5.039804,5.0
-697.3829,-258.3028,-5.091977,5.0
-693.6412,-249.5243,-5.14413,5.0
-689.447,-240.9528,-5.196257,5.0
-684.8118,-232.6115,-5.248233,5.0
-679.7115,-224.0549,-5.250076,5.0
-674.5898,-215.466,-5.250076,5.0
-669.4683,-206.8772,-5.250076,5.0
-664.3602,-198.4608,-5.26879,5.0
-659.0966,-190.1649,-5.28877,5.0
-653.6683,-181.9758,-5.308772,5.0
-648.0772,-173.897,-5.328808,5.0
-642.3257,-165.9316,-5.348782,5.0
-636.4161,-158.0828,-5.368809,5.0
-630.3506,-150.3538,-5.388687,5.0
-624.0956,-142.5685,-5.389303,5.0
-617.8319,-134.7732,-5.389256,5.0
-611.5682,-126.978,-5.389303,5.0
-605.3045,-119.1827,-5.389256,5.0
-599.0408,-111.3874,-5.389303,5.0
-592.7771,-103.5922,-5.389256,5.0
-586.5134,-95.79692,-5.389256,5.0
-580.2498,-88.00166,-5.389303,5.0
374.1338,796.5701,-0.01275682,5.0
384.0963,796.3528,-0.03284315,3.0
394.0524,795.9363,-0.05282045,3.0
403.9982,795.3208,-0.07281861,3.0
413.9297,794.5065,-0.09278459,3.0
423.8429,793.4938,-0.1128478,3.0
433.7339,792.283,-0.1327774,3.0
443.5987,790.8746,-0.1528164,3.0
453.4334,789.2693,-0.1728549,3.0
463.234,787.4675,-0.1927811,3.0
472.9966,785.4702,-0.2128432,3.0
482.7173,783.278,-0.2328102,3.0
492.3922,780.8918,-0.2528021,3.0
502.0175,778.3127,-0.272783,3.0
511.5893,775.5416,-0.2927955,3.0
521.1037,772.5795,-0.3127561,3.0
530.557,769.4279,-0.3328295,3.0
539.9454,766.0878,-0.3527915,3.0
549.2651,762.5605,-0.3728222,3.0
558.5124,758.8477,-0.3927817,3.0
567.6836,754.9506,-0.4128019,3.0
576.775,750.8709,-0.4328255,3.0
585.783,746.6102,-0.4528111,3.0
594.704,742.1702,-0.4728194,3.0
603.5602,737.5654,-0.4821554,3.0
612.4202,732.9285,-0.4821554,3.0
621.2784,728.2924,-0.4857316,3.0
629.9434,723.4744,-0.534076,3.0
638.3653,718.2431,-0.5825009,3.0
646.5245,712.6108,-0.6307931,3.0
654.4019,706.5907,-0.6791162,3.0
661.9792,700.1968,-0.7275344,3.0
669.2385,693.4442,-0.7759033,3.0
676.1628,686.3486,-0.8242937,3.0
682.7361,678.9265,-0.8726038,3.0
688.943,671.1953,-0.9209842,3.0
694.7689,663.1732,-0.9693357,3.0
700.2001,654.8788,-1.01769,3.0
705.2241,646.3316,-1.065974,3.0
709.8291,637.5515,-1.114382,3.0
714.0043,628.5591,-1.162723,3.0
717.7399,619.3754,-1.21109,3.0
721.0272,610.0219,-1.259391,3.0
723.8585,600.5203,-1.307831,3.0
726.2272,590.893,-1.356139,3.0
728.1279,581.1625,-1.404564,3.0
729.5558,571.3514,-1.452846,3.0
730.5079,561.4828,-1.50122,3.0
730.9819,551.5798,-1.549615,3.0
730.9766,541.6654,-1.59796,3.0
730.492,531.7628,-1.646309,3.0
729.5294,521.8953,-1.694652,3.0
374.0924,793.0703,-0.01281786,3.0
383.9849,792.8546,-0.03284315,4.0
393.8711,792.441,-0.05282045,4.0
403.7471,791.8298,-0.07281861,4.0
413.6088,791.0212,-0.09284537,4.0
423.4524,790.0156,-0.1128478,4.0
433.2739,788.8134,-0.1328379,4.0
443.0694,787.4149,-0.1528164,4.0
452.835,785.8208,-0.1727948,4.0
462.5668,784.0317,-0.192841,4.0
472.2608,782.0484,-0.2127836,4.0
481.9132,779.8716,-0.2328102,4.0
491.5202,777.5023,-0.2528097,4.0
501.0779,774.9412,-0.2728418,4.0
510.5824,772.1895,-0.2928044,4.0
520.03,769.2484,-0.3128141,4.0
529.4169,766.1188,-0.3328295,4.0
538.7393,762.8021,-0.3528488,4.0
547.9935,759.2997,-0.3728222,4.0
557.1758,755.6129,-0.392838,4.0
566.2827,751.7432,-0.4128019,4.0
575.3102,747.6922,-0.4328255,4.0
584.2549,743.4614,-0.4528111,4.0
593.1133,739.0526,-0.4728737,4.0
601.9373,734.4644,-0.4821554,4.0
610.7973,729.8275,-0.4821554,4.0
619.652,725.1933,-0.485868,4.0
628.169,720.4575,-0.5341285,4.0
636.4472,715.3155,-0.5825009,4.0
644.4672,709.7793,-0.6308424,4.0
652.2101,703.862,-0.679202,4.0
659.658,697.5773,-0.7275344,4.0
666.7933,690.9399,-0.7759033,4.0
673.5995,683.9653,-0.8242522,4.0
680.0607,676.67,-0.8726431,4.0
686.1616,669.0708,-0.9209842,4.0
691.888,661.1856,-0.9693861,4.0
697.2266,653.0328,-1.01769,4.0
702.1648,644.6315,-1.066057,4.0
706.6912,636.0013,-1.114437,4.0
710.795,627.1624,-1.162779,4.0
714.4669,618.1354,-1.211168,4.0
717.6981,608.9415,-1.259468,4.0
720.4811,599.6022,-1.307831,4.0
722.8094,590.1392,-1.356199,4.0
724.6776,580.5748,-1.404564,4.0
726.0812,570.9312,-1.452907,4.0
727.017,561.2311,-1.501281,4.0
727.4828,551.4971,-1.549615,4.0
727.4777,541.7519,-1.598021,4.0
727.0013,532.0184,-1.64637,4.0
726.0551,522.3192,-1.694712,4.0
374.0511,789.5706,-0.01287889,4.0
383.8736,789.3563,-0.03284315,5.0
393.6899,788.9457,-0.05282045,5.0
403.4959,788.3388,-0.07281861,5.0
413.2879,787.5359,-0.09278459,5.0
423.0619,786.5375,-0.1128478,5.0
432.8139,785.3437,-0.1328379,5.0
442.5402,783.9551,-0.1528164,5.0
452.2367,782.3723,-0.1727948,5.0
461.8996,780.5959,-0.192841,5.0
471.525,778.6266,-0.2128432,5.0
481.1092,776.4653,-0.2328696,5.0
490.6482,774.1126,-0.2528097,5.0
500.1382,771.5697,-0.2728418,5.0
509.5755,768.8375,-0.2928044,5.0
518.9562,765.9171,-0.3128141,5.0
528.2767,762.8097,-0.3328295,5.0
537.5332,759.5165,-0.3527915,5.0
546.722,756.0388,-0.3727654,5.0
555.8394,752.3781,-0.3927817,5.0
564.8817,748.5358,-0.4128264,5.0
573.8454,744.5134,-0.4328255,5.0
582.7269,740.3126,-0.4528111,5.0
591.5225,735.935,-0.4728737,5.0
600.3144,731.3634,-0.4821554,5.0
609.1744,726.7265,-0.4821554,5.0
618.0255,722.0941,-0.4860045,5.0
626.3947,717.4406,-0.5341285,5.0
634.5291,712.3879,-0.5825518,5.0
642.4098,706.9479,-0.6309279,5.0
650.0182,701.1333,-0.6792877,5.0
657.3368,694.9577,-0.7276207,5.0
664.3483,688.4356,-0.7759461,5.0
671.0363,681.5822,-0.8242937,5.0
677.3851,674.4135,-0.8726898,5.0
683.3801,666.9463,-0.9210697,5.0
689.0071,659.198,-0.9693861,5.0
694.253,651.1868,-1.017774,5.0
699.1055,642.9314,-1.06614,5.0
703.5532,634.451,-1.114519,5.0
707.5858,625.7656,-1.162779,5.0
711.1939,616.8954,-1.211168,5.0
714.369,607.8612,-1.259526,5.0
717.1036,598.684,-1.30789,5.0
719.3915,589.3854,-1.356258,5.0
721.2272,579.9871,-1.404624,5.0
722.6065,570.511,-1.452967,5.0
723.5261,560.9793,-1.501281,5.0
723.9838,551.4143,-1.549676,5.0
723.9787,541.8384,-1.598021,5.0
723.5107,532.2739,-1.64637,5.0
722.5809,522.7432,-1.694712,5.0
-502.93,-659.8395,-3.204072,5.0
-512.7957,-658.9786,-3.258741,3.0
-522.5995,-657.5799,-3.313394,3.0
-532.3123,-655.6477,-3.368067,3.0
-541.905,-653.1877,-3.422743,3.0
-551.3489,-650.2072,-3.477395,3.0
-560.6159,-646.7153,-3.53205,3.0
-569.6783,-642.7222,-3.586678,3.0
-578.509,-638.2399,-3.641387,3.0
-587.0815,-633.2819,-3.696038,3.0
-595.3704,-627.8629,-3.750723,3.0
-603.3509,-621.999,-3.805372,3.0
-610.999,-615.7079,-3.860044,3.0
-618.292,-609.0084,-3.91469,3.0
-625.208,-601.9204,-3.969343,3.0
-631.7265,-594.4651,-4.023208,3.0
-638.0487,-586.7498,-4.037181,3.0
-644.1539,-578.9,-4.06868,3.0
-650.0092,-570.862,-4.100143,3.0
-655.6087,-562.6437,-4.131649,3.0
-660.9468,-554.2534,-4.163009,3.0
-666.0184,-545.6993,-4.19456,3.0
-670.8184,-536.9899,-4.226029,3.0
-675.342,-528.1338,-4.257476,3.0
-679.5847,-519.1398,-4.288903,3.0
-683.5424,-510.0167,-4.320344,3.0
-687.2112,-500.7737,-4.351843,3.0
-690.5873,-491.4197,-4.383362,3.0
-693.6675,-481.9643,-4.414805,3.0
-696.4487,-472.4166,-4.446255,3.0
-698.9282,-462.7861,-4.477698,3.0
-701.1035,-453.0824,-4.509152,3.0
-702.9725,-443.3151,-4.540648,3.0
-704.5332,-433.4938,-4.572097,3.0
-705.8351,-423.604,-4.584661,3.0
-707.1088,-413.6854,-4.584722,3.0
-708.3824,-403.7669,-4.584661,3.0
-709.6561,-393.8483,-4.584661,3.0
-710.9297,-383.9298,-4.584661,3.0
-712.2034,-374.0112,-4.584661,3.0
-713.4771,-364.0927,-4.584661,3.0
-714.7507,-354.1741,-4.584661,3.0
-715.9946,-344.2818,-4.604452,3.0
-716.82,-334.413,-4.658957,3.0
-717.1059,-324.5139,-4.713549,3.0
-716.8514,-314.6139,-4.768143,3.0
-716.0572,-304.7425,-4.822719,3.0
-502.7212,-656.3457,-3.204133,3.0
-512.3962,-655.5015,-3.258801,4.0
-522.0106,-654.1298,-3.313454,4.0
-531.5358,-652.2349,-3.36814,4.0
-540.9432,-649.8224,-3.422818,4.0
-550.2047,-646.8995,-3.477395,4.0
-559.2927,-643.475,-3.53213,4.0
-568.1801,-639.5591,-3.586759,4.0
-576.8401,-635.1634,-3.64147,4.0
-585.2471,-630.3011,-3.696123,4.0
-593.3759,-624.9868,-3.750774,4.0
-601.2021,-619.2363,-3.805457,4.0
-608.7025,-613.0667,-3.86009,4.0
-615.8546,-606.4966,-3.914733,4.0
-622.6371,-599.5455,-3.969384,4.0
-629.0296,-592.2342,-4.023201,4.0
-635.3201,-584.5579,-4.037266,4.0
-641.3577,-576.795,-4.06868,4.0
-647.1481,-568.846,-4.100143,4.0
-652.6856,-560.7188,-4.131649,4.0
-657.9647,-552.4213,-4.163093,4.0
-662.9801,-543.962,-4.19456,4.0
-667.7269,-535.349,-4.225975,4.0
-672.2004,-526.5909,-4.257476,4.0
-676.3962,-517.6965,-4.288959,4.0
-680.3101,-508.6744,-4.320412,4.0
-683.9382,-499.5338,-4.351911,4.0
-687.2769,-490.2834,-4.383362,4.0
-690.323,-480.9327,-4.414805,4.0
-693.0734,-471.4907,-4.446255,4.0
-695.5255,-461.9669,-4.477698,4.0
-697.6766,-452.3707,-4.509152,4.0
-699.5249,-442.7115,-4.540648,4.0
-701.0684,-432.999,-4.572097,4.0
-702.3636,-423.1582,-4.584661,4.0
-703.6373,-413.2397,-4.584722,4.0
-704.9109,-403.3211,-4.584661,4.0
-706.1846,-393.4026,-4.584661,4.0
-707.4582,-383.484,-4.584722,4.0
-708.7319,-373.5654,-4.584661,4.0
-710.0056,-363.6469,-4.584661,4.0
-711.2792,-353.7283,-4.584661,4.0
-712.5161,-343.8951,-4.604452,4.0
-713.3256,-334.2166,-4.65908,4.0
-713.6059,-324.5083,-4.71361,4.0
-713.3563,-314.7993,-4.768143,4.0
-712.5775,-305.1183,-4.822783,4.0
-502.5123,-652.8519,-3.204133,4.0
-511.9967,-652.0243,-3.258805,5.0
-521.4218,-650.6797,-3.313524,5.0
-530.7593,-648.8221,-3.368199,5.0
-539.9814,-646.4572,-3.422818,5.0
-549.0605,-643.5919,-3.47753,5.0
-557.9695,-640.2348,-3.532186,5.0
-566.6818,-636.396,-3.586815,5.0
-575.1713,-632.0869,-3.64147,5.0
-583.4127,-627.3204,-3.696123,5.0
-591.3813,-622.1107,-3.750858,5.0
-599.0535,-616.4734,-3.805505,5.0
-606.4061,-610.4254,-3.86013,5.0
-613.4173,-603.9847,-3.91482,5.0
-620.0662,-597.1705,-3.969471,5.0
-626.3328,-590.0033,-4.023195,5.0
-632.5915,-582.366,-4.037266,5.0
-638.5615,-574.6899,-4.068717,5.0
-644.287,-566.83,-4.100143,5.0
-649.7625,-558.7938,-4.131649,5.0
-654.9825,-550.5892,-4.163093,5.0
-659.9418,-542.2246,-4.19456,5.0
-664.6354,-533.7081,-4.226029,5.0
-669.0588,-525.0481,-4.257476,5.0
-673.2076,-516.2532,-4.288959,5.0
-677.0776,-507.3322,-4.320412,5.0
-680.6652,-498.2939,-4.351854,5.0
-683.9665,-489.1472,-4.383362,5.0
-686.9785,-479.9011,-4.414864,5.0
-689.6981,-470.5648,-4.446262,5.0
-692.1227,-461.1477,-4.477758,5.0
-694.2498,-451.6589,-4.509212,5.0
-696.0773,-442.1079,-4.540648,5.0
-697.6035,-432.5041,-4.572158,5.0
-698.8921,-422.7124,-4.584661,5.0
-700.1658,-412.7939,-4.584722,5.0
-701.4394,-402.8753,-4.584661,5.0
-702.7131,-392.9568,-4.584661,5.0
-703.9868,-383.0382,-4.584722,5.0
-705.2604,-373.1197,-4.584661,5.0
-706.5341,-363.2011,-4.584661,5.0
-707.8077,-353.2825,-4.584661,5.0
-709.0375,-343.5083,-4.604516,5.0
-709.8311,-334.0201,-4.65908,5.0
-710.1059,-324.5028,-4.713671,5.0
-709.8612,-314.9846,-4.768265,5.0
-709.0977,-305.494,-4.822844,5.0
